asset	color_chart/27/config.json	ee82a3a24745a382050af53e5966b3f1451f828875321d55489b8756e0578c66
asset	color_chart/27/i18n.json	79b3b3af5d2b10a227e1e1db48b49cfb34ca9b3780cca53a84e216f9b222e2aa
asset	color_chart/27/icon_background_black.webp	57a27e00c0beb7e0ebc075e640f185b3aa8a20988ffd859a91c3ac4ae0d3e85d
asset	color_chart/27/icon_background_white.webp	f9e8af32d832a0221f5a3aec03cdd4bddf0b7b6cd7ebaaa7f45c2763ccf01440
asset	color_chart/27/poco_black.webp	9034a6befd90b3e8d010ef14972be56e7d8c607c91b7197e5e111cf5636fc397
asset	color_chart/27/poco_white.webp	b362e51018aaede58e67d83c48190073f2d67adc274a011e147466f734e27abb
asset	color_chart/27/redmi_black.webp	8e44d9ae424e0c5550667471757d09f5ca58f96c807918bf8d98544003d3ee82
asset	color_chart/27/redmi_white.webp	d6f1afcff2428817b1d33a2e11bd6a339647837a72d6ca3106eaea6b18391fd5
asset	color_chart/27/signature_top_icon_black.webp	7b900c79dcb2adbc52591a247e3e15f83d6663ad7080e5924f07988f414cb095
asset	color_chart/27/signature_top_icon_white.webp	83fa953bab1bd0e66cc70fbc47097e02c4b37cfe3755a84235a5b1b8918813c4
asset	color_chart/27/xiaomi_black.webp	8d1af987d1cf920298275882b6febdb49cb793628505746863a3ab910b787962
asset	color_chart/27/xiaomi_white.webp	8f5afb906a6af442a3163b62963259e3794d1add787701bf472e62f863cf0ab3
asset	color_chart/28/config.json	6a9a4e25c68da1b41d16aa6e35d5c6152adaf257f52fd0d5b9f5756aac45a515
asset	color_chart/28/i18n.json	4907a9017980c3fd5cedb9901951f05d1b9f76597ed4b64395ab2f60592bc43f
asset	color_chart/28/icon_background_black.webp	57a27e00c0beb7e0ebc075e640f185b3aa8a20988ffd859a91c3ac4ae0d3e85d
asset	color_chart/28/icon_background_white.webp	f9e8af32d832a0221f5a3aec03cdd4bddf0b7b6cd7ebaaa7f45c2763ccf01440
asset	color_chart/28/poco_black.webp	9034a6befd90b3e8d010ef14972be56e7d8c607c91b7197e5e111cf5636fc397
asset	color_chart/28/poco_white.webp	b362e51018aaede58e67d83c48190073f2d67adc274a011e147466f734e27abb
asset	color_chart/28/redmi_black.webp	8e44d9ae424e0c5550667471757d09f5ca58f96c807918bf8d98544003d3ee82
asset	color_chart/28/redmi_white.webp	d6f1afcff2428817b1d33a2e11bd6a339647837a72d6ca3106eaea6b18391fd5
asset	color_chart/28/xiaomi_black.webp	8d1af987d1cf920298275882b6febdb49cb793628505746863a3ab910b787962
asset	color_chart/28/xiaomi_white.webp	8f5afb906a6af442a3163b62963259e3794d1add787701bf472e62f863cf0ab3
asset	color_chart/29/config.json	c59f398c69e01026878c6ff21822cc6d42a6915a3e89e30519768af0da5a0253
asset	color_chart/29/i18n.json	115c5b9cd41d43150dbd940bf33c090effb71c048403ca9593f3cbc2d072f274
asset	color_chart/29/icon_background_black.webp	57a27e00c0beb7e0ebc075e640f185b3aa8a20988ffd859a91c3ac4ae0d3e85d
asset	color_chart/29/icon_background_white.webp	f9e8af32d832a0221f5a3aec03cdd4bddf0b7b6cd7ebaaa7f45c2763ccf01440
asset	color_chart/29/icon_outer_border_bottom_dark.webp	5c11f8e8902d2c74746a5a53916d00780f3507f40501998f1fdc83c348c1c092
asset	color_chart/29/icon_outer_border_bottom_light.webp	4e71ccd3133902351c059cea269e4a7e147b6f2e9bfc50474cead4dfd236193d
asset	color_chart/29/icon_outer_border_left_dark.webp	f72c6608cc82f9b495a00ea18a51cacaf3cfca1c52a1e9657b5d4ef806f2294e
asset	color_chart/29/icon_outer_border_left_light.webp	0efadaf8c91960fee716931f67d78741647702dee7470660674850e8a1f557e9
asset	color_chart/29/icon_outer_border_right_dark.webp	eea9c08a66e5ec304af6c77690a2bed6e6834a81e1ed483a77db14c132ecce46
asset	color_chart/29/icon_outer_border_right_light.webp	42bcccc1d6cf9dd95991d0a599a024d06e6c4fe491eeeb78cd4ac040a7ead858
asset	color_chart/29/icon_outer_border_top_dark.webp	8c60478a9050ee103f5f17f724397605b12e873cb751f2cb9d49e35277325d6c
asset	color_chart/29/icon_outer_border_top_light.webp	736e9deb70d6d2c276facfce9c7870ac836e601466b506c92500973ce4f4065f
asset	color_chart/29/poco_black.webp	9034a6befd90b3e8d010ef14972be56e7d8c607c91b7197e5e111cf5636fc397
asset	color_chart/29/poco_white.webp	b362e51018aaede58e67d83c48190073f2d67adc274a011e147466f734e27abb
asset	color_chart/29/redmi_black.webp	8e44d9ae424e0c5550667471757d09f5ca58f96c807918bf8d98544003d3ee82
asset	color_chart/29/redmi_white.webp	d6f1afcff2428817b1d33a2e11bd6a339647837a72d6ca3106eaea6b18391fd5
asset	color_chart/29/xiaomi_black.webp	8d1af987d1cf920298275882b6febdb49cb793628505746863a3ab910b787962
asset	color_chart/29/xiaomi_white.webp	8f5afb906a6af442a3163b62963259e3794d1add787701bf472e62f863cf0ab3
asset	color_chart/30/config.json	52e504996716377f19af2deb35b1f79e26ab236e0874d030f59d520be9d51905
asset	color_chart/30/i18n.json	9cfbf952b7ef311f75c41a7fbeee7a11cd72cd8de4188a562af3e6cdeede3acb
asset	color_chart/30/icon_background_black.webp	57a27e00c0beb7e0ebc075e640f185b3aa8a20988ffd859a91c3ac4ae0d3e85d
asset	color_chart/30/icon_background_white.webp	f9e8af32d832a0221f5a3aec03cdd4bddf0b7b6cd7ebaaa7f45c2763ccf01440
asset	color_chart/30/poco_black.webp	9034a6befd90b3e8d010ef14972be56e7d8c607c91b7197e5e111cf5636fc397
asset	color_chart/30/poco_white.webp	b362e51018aaede58e67d83c48190073f2d67adc274a011e147466f734e27abb
asset	color_chart/30/redmi_black.webp	8e44d9ae424e0c5550667471757d09f5ca58f96c807918bf8d98544003d3ee82
asset	color_chart/30/redmi_white.webp	d6f1afcff2428817b1d33a2e11bd6a339647837a72d6ca3106eaea6b18391fd5
asset	color_chart/30/xiaomi_black.webp	8d1af987d1cf920298275882b6febdb49cb793628505746863a3ab910b787962
asset	color_chart/30/xiaomi_white.webp	8f5afb906a6af442a3163b62963259e3794d1add787701bf472e62f863cf0ab3
asset	color_chart/config.json	139fa951124b1e2d3ef0614635d749c3e622c817f861a68ceb22298a6ad5cede
asset	color_chart/i18n.json	b3b5f8ab40911e1f2e52bebd3185b75d1ce9a86c6036b16d1881b2859987abf6
asset	color_chart/img_setting_base.webp	cf601c9fd0bdb36e1e67bbf92e83adec557c96146983de8390f9bebc958765a1
asset	leica/111/config.json	f41479d1eb8db6b5a8199819490bb4971f63fd28391ced7fb7ddcc55d8a5f2aa
asset	leica/111/i18n.json	d66174baa97fc593c0c614eda7ab9b8026c53685632fbbbbe016f7ebb6269f7b
asset	leica/111/leica.webp	ebae89313eab5799b57995847117a3fb1b511dba507d63494664ece475135278
asset	leica/111/leica_p3.webp	ef2e002943d224c4f0675469c1ee0653bc8d3c89f08a8c6923c76f1ab97bf7d4
asset	leica/111/lg1056_regular.otf	829f8ae9d3adc207dead93e303c12f7de90b05d6dde27989f98e94b27545a5b5
asset	leica/111/meta.json	380544c947cb34fe989885bd4f799bddf34e98f7a8a414e256fd3f97323ef773
asset	leica/111/xiaomi_E6A54F.webp	d4f1239f111cbbf89dcd2d5f0c69e129228b6f50a754d7593b323ae2fea94977
asset	leica/88/config.json	a607a19450dc929f4ad47e7434c4f667880e60e604a03b437f9f85e9e0674079
asset	leica/88/i18n.json	e2485b904416e8f3b26d0c6048f67a05a87cc9f8d037fc7f17c01d606f84091d
asset	leica/88/icon_background_black.webp	57a27e00c0beb7e0ebc075e640f185b3aa8a20988ffd859a91c3ac4ae0d3e85d
asset	leica/88/icon_background_white.webp	f9e8af32d832a0221f5a3aec03cdd4bddf0b7b6cd7ebaaa7f45c2763ccf01440
asset	leica/88/icon_signature_black.webp	899c3df8ce99a7b262b47bc29da0b374e8c5335fea489acf6b3583a9f648839e
asset	leica/88/icon_signature_white.webp	a34897fc6da43e8a95a5a126e0379846a791928dc0a8c226228150cd4ac7e4b8
asset	leica/88/leica.webp	ebae89313eab5799b57995847117a3fb1b511dba507d63494664ece475135278
asset	leica/88/leica_lens_anamorphic_black.webp	d29e431ba3754f6c5b884f8aacd60e419559c85eb45b51f6bf1b8d6afe5d88d1
asset	leica/88/leica_lens_anamorphic_white.webp	6d7e4ff8abd3d63426a40b710c72d36f9f03bab7a2ae9df5b6fc863e20a87b32
asset	leica/88/leica_lens_noctilux_black.webp	daa3d2425c7995debbf59b7b68a1a06d37fd1975437f9bd6f4b780378b92bd22
asset	leica/88/leica_lens_noctilux_white.webp	e977a1e07378b8a970f6347fc89e81ff774524be341f4c4ee7facdb483d44ed7
asset	leica/88/leica_lens_summicron_black.webp	d493af7192e0532e6cafe502693976dada45fcf16a3bb0b35146896598bd3512
asset	leica/88/leica_lens_summicron_white.webp	1efc710b15c6f4af8260219d653e6995d8cdf4b35debfca6f7e1b5f4b8b8d757
asset	leica/88/leica_lens_summilux_black.webp	e5ca6e6b1c7e10b1a85a698eeb5325fb5fa7b91bdab62aa0514ad183c6b8de45
asset	leica/88/leica_lens_summilux_white.webp	9c1cb2859b4effe750ffc8481f11e593dfc1fb98f9bd985ba328c560dd766160
asset	leica/88/leica_lens_thambar_black.webp	116617e43250b8ad08d65ba81c74b37868066242c2583cdaaca01bd7e6ace09d
asset	leica/88/leica_lens_thambar_white.webp	c8cc035d7f25fc68ea9f537c9d586ea40da7478675dc4ad1e9505f82de373e1b
asset	leica/88/leica_looks_blue_black.webp	aca992687dcaccbbc1da210e2109b58c2c94e3a7948b433997143e426a94bb52
asset	leica/88/leica_looks_blue_white.webp	2ff121763d2d780b09ccefa4cfcbb1655fa1ae2380799ea9a98d5e46f61e5711
asset	leica/88/leica_looks_brass_black.webp	d8438ac248657d0830311b16ea949e4da7c6bba9d32e0cdd92b6066a0706ede2
asset	leica/88/leica_looks_brass_white.webp	a76027fde6829bdc4a15ed479f9362bf5478ec7b4fbe59d6bcce46c366844782
asset	leica/88/leica_looks_chrome_black.webp	1c49ea1d917b6772173bbf3dc668894efc1e30b52a28f437d717402c0b04e056
asset	leica/88/leica_looks_chrome_white.webp	5e347cc0ed0df0d437b6e5e96697c3f41e5f1f60ed43b166861ec8308f309c9c
asset	leica/88/leica_looks_classic_black.webp	67edca372a04aa12f636738204fba99173a84aa632cd6093b023b406582c1b13
asset	leica/88/leica_looks_classic_white.webp	a98f5a42c940b32799e021dac42e2e72541d113d2c1d7a92e61390ca5b0f32e5
asset	leica/88/leica_looks_contemporary_black.webp	cfc33ab0b84c57bfcb2e964d5cc3525418a7c930fb086af0584cb46338eeda5d
asset	leica/88/leica_looks_contemporary_white.webp	10f60ebb8e4f92dd3dd2d426f553d0c7239d47ce9876490233b679b672946982
asset	leica/88/leica_looks_eternal_black.webp	07653cd580d853964232bb080fa5c4a510a811c1a18521bb77b856a59b8d4040
asset	leica/88/leica_looks_eternal_white.webp	fed39d5b6c897287858e2b54d24ed23aff258912952a40deae7b462d35b2fff5
asset	leica/88/leica_looks_i_model_a_black.webp	c47c7286833d7d59641796e31472c35a05c70dbf97ce8b9a61b45338c22a706d
asset	leica/88/leica_looks_i_model_a_white.webp	37652ff0dac537fc2e412e038971594f0ede56a16e9bbbd5b31b777825bb329b
asset	leica/88/leica_looks_monochrome_high_contrast_black.webp	233261f6184c944699f9520117f91b4df1b0613b89dcb7633841a3651c60ffcd
asset	leica/88/leica_looks_monochrome_high_contrast_white.webp	9118811666f4971824123a81abf403e6b357776556979d7c3652efda06fa34c9
asset	leica/88/leica_looks_monochrome_natural_black.webp	e2bce885f9167d17a496513546f49439e2251fb3771adb9767ec6fb1ff4164b0
asset	leica/88/leica_looks_monochrome_natural_white.webp	14c15c5ec4a1622a7dabb6492b491197091b321aca887e63921de833d9f5fdf2
asset	leica/88/leica_looks_natural_black.webp	2d1831caf26e17753ee188d7da4a3a778b36664584c6d1f2466a86844e58412c
asset	leica/88/leica_looks_natural_white.webp	40a0cddbd94864d8e59a1d0e2f6a564382d3d18080749a74f5ad52439fbd02c1
asset	leica/88/leica_looks_standard_black.webp	58b157e79d70c7f8fb7fa312cb7564eb8bad694b2946d92055650922c1575975
asset	leica/88/leica_looks_standard_white.webp	0d290973a2379a995e6d72ac01303648e8b994101f47e8276bf8089329a1b432
asset	leica/88/leica_looks_teal_black.webp	fa743d7c94d59107194f5a51152c522f8a8b5393c82b3c19e3139459297dd321
asset	leica/88/leica_looks_teal_white.webp	63a049a09de0450e49369ca9a3a55644cfd6f57b204086e197788bb292054ce0
asset	leica/88/leica_looks_vivid_black.webp	a1cee7ade2c53fbee698205804eaf124362c734b9e20187a8cc4d1277a758730
asset	leica/88/leica_looks_vivid_white.webp	1807d8531ee086fa500b4ce046a506e37769961be96846957b669ec0b13b7e17
asset	leica/88/leica_p3.webp	ef2e002943d224c4f0675469c1ee0653bc8d3c89f08a8c6923c76f1ab97bf7d4
asset	leica/88/lg1056_regular.otf	829f8ae9d3adc207dead93e303c12f7de90b05d6dde27989f98e94b27545a5b5
asset	leica/88/meta.json	028dc1a1c9b1f628ff94e2268715198e90a0951eab72decb797a582417c3d62d
asset	leica/88/poco_black.webp	9034a6befd90b3e8d010ef14972be56e7d8c607c91b7197e5e111cf5636fc397
asset	leica/88/poco_white.webp	b362e51018aaede58e67d83c48190073f2d67adc274a011e147466f734e27abb
asset	leica/88/redmi_black.webp	8e44d9ae424e0c5550667471757d09f5ca58f96c807918bf8d98544003d3ee82
asset	leica/88/redmi_red.webp	4154e31345f95faa987ee489d2dc09ab1390f2e58613d0857e420bcd43cedeb8
asset	leica/88/redmi_white.webp	d6f1afcff2428817b1d33a2e11bd6a339647837a72d6ca3106eaea6b18391fd5
asset	leica/88/xiaomi_black.webp	8d1af987d1cf920298275882b6febdb49cb793628505746863a3ab910b787962
asset	leica/88/xiaomi_white.webp	8f5afb906a6af442a3163b62963259e3794d1add787701bf472e62f863cf0ab3
asset	leica/89/config.json	20a83e427984e6baa0d09f78c8eb410f2a50ee99df8bfaf40a7cd366afa50e03
asset	leica/89/cv_lens_Anamorphic_black.webp	d29e431ba3754f6c5b884f8aacd60e419559c85eb45b51f6bf1b8d6afe5d88d1
asset	leica/89/cv_lens_Anamorphic_white.webp	6d7e4ff8abd3d63426a40b710c72d36f9f03bab7a2ae9df5b6fc863e20a87b32
asset	leica/89/cv_lens_Noctilux_black.webp	daa3d2425c7995debbf59b7b68a1a06d37fd1975437f9bd6f4b780378b92bd22
asset	leica/89/cv_lens_Noctilux_white.webp	e977a1e07378b8a970f6347fc89e81ff774524be341f4c4ee7facdb483d44ed7
asset	leica/89/cv_lens_Summicron_black.webp	d493af7192e0532e6cafe502693976dada45fcf16a3bb0b35146896598bd3512
asset	leica/89/cv_lens_Summicron_white.webp	1efc710b15c6f4af8260219d653e6995d8cdf4b35debfca6f7e1b5f4b8b8d757
asset	leica/89/cv_lens_Summilux_black.webp	e5ca6e6b1c7e10b1a85a698eeb5325fb5fa7b91bdab62aa0514ad183c6b8de45
asset	leica/89/cv_lens_Summilux_white.webp	9c1cb2859b4effe750ffc8481f11e593dfc1fb98f9bd985ba328c560dd766160
asset	leica/89/cv_lens_Thambar_black.webp	116617e43250b8ad08d65ba81c74b37868066242c2583cdaaca01bd7e6ace09d
asset	leica/89/cv_lens_Thambar_white.webp	c8cc035d7f25fc68ea9f537c9d586ea40da7478675dc4ad1e9505f82de373e1b
asset	leica/89/i18n.json	b7a9cdc31e99c9d91d78c40eeb8ed6ab1689448e6dbae8a3df7c9698afefbb47
asset	leica/89/icon_background_black.webp	57a27e00c0beb7e0ebc075e640f185b3aa8a20988ffd859a91c3ac4ae0d3e85d
asset	leica/89/icon_background_white.webp	f9e8af32d832a0221f5a3aec03cdd4bddf0b7b6cd7ebaaa7f45c2763ccf01440
asset	leica/89/icon_signature_black.webp	899c3df8ce99a7b262b47bc29da0b374e8c5335fea489acf6b3583a9f648839e
asset	leica/89/icon_signature_white.webp	a34897fc6da43e8a95a5a126e0379846a791928dc0a8c226228150cd4ac7e4b8
asset	leica/89/leica.webp	ebae89313eab5799b57995847117a3fb1b511dba507d63494664ece475135278
asset	leica/89/leica_p3.webp	ef2e002943d224c4f0675469c1ee0653bc8d3c89f08a8c6923c76f1ab97bf7d4
asset	leica/89/lg1056_regular.otf	829f8ae9d3adc207dead93e303c12f7de90b05d6dde27989f98e94b27545a5b5
asset	leica/89/meta.json	a2d2e321e638533087403eb628194a0a03a6448d68b3e0ee26c7318eb0356606
asset	leica/89/poco_black_shadow.webp	9034a6befd90b3e8d010ef14972be56e7d8c607c91b7197e5e111cf5636fc397
asset	leica/89/poco_white_shadow.webp	b362e51018aaede58e67d83c48190073f2d67adc274a011e147466f734e27abb
asset	leica/89/redmi_black_shadow.webp	8e44d9ae424e0c5550667471757d09f5ca58f96c807918bf8d98544003d3ee82
asset	leica/89/redmi_red.webp	4154e31345f95faa987ee489d2dc09ab1390f2e58613d0857e420bcd43cedeb8
asset	leica/89/redmi_white_shadow.webp	d6f1afcff2428817b1d33a2e11bd6a339647837a72d6ca3106eaea6b18391fd5
asset	leica/89/separator_black.webp	5c2c6ed3e4b532f9a41f3592ca770a0ebee9fcb81ac45bfa4a943bad373d8683
asset	leica/89/separator_white.webp	48780bbc03a4289fbca6135ee2391f7f7368f0b207b4d6446058ac583b39a5bf
asset	leica/89/xiaomi_black_shadow.webp	8d1af987d1cf920298275882b6febdb49cb793628505746863a3ab910b787962
asset	leica/89/xiaomi_white_shadow.webp	8f5afb906a6af442a3163b62963259e3794d1add787701bf472e62f863cf0ab3
asset	leica/90/config.json	dc3ad8d05bc6fc32568e7d8826fd50c595bab69bfd2ec920a47e69f1db51476a
asset	leica/90/i18n.json	5a3f0e240c347459400f64ccb8b313016af6fb3cb19c824948d8b0b9a736e8a8
asset	leica/90/icon_background_black.webp	57a27e00c0beb7e0ebc075e640f185b3aa8a20988ffd859a91c3ac4ae0d3e85d
asset	leica/90/icon_background_dark_blur.webp	c8f32c3c9dac7336707b07578494e1a56bdb00e86f665bb84a53c58681794e00
asset	leica/90/icon_background_light_blur.webp	d062163ca0c0d110bd353c84a1cbf47c09e094b098bf5c92db6d4abaf822e2f5
asset	leica/90/icon_background_white.webp	f9e8af32d832a0221f5a3aec03cdd4bddf0b7b6cd7ebaaa7f45c2763ccf01440
asset	leica/90/leica.webp	ebae89313eab5799b57995847117a3fb1b511dba507d63494664ece475135278
asset	leica/90/leica_p3.webp	ef2e002943d224c4f0675469c1ee0653bc8d3c89f08a8c6923c76f1ab97bf7d4
asset	leica/90/lg1056_regular.otf	829f8ae9d3adc207dead93e303c12f7de90b05d6dde27989f98e94b27545a5b5
asset	leica/90/meta.json	b729a78424b63827a673662325effe019070bc94fe1c60d55c4515a31b56432d
asset	leica/90/poco_black.webp	9034a6befd90b3e8d010ef14972be56e7d8c607c91b7197e5e111cf5636fc397
asset	leica/90/poco_white.webp	b362e51018aaede58e67d83c48190073f2d67adc274a011e147466f734e27abb
asset	leica/90/redmi_black.webp	8e44d9ae424e0c5550667471757d09f5ca58f96c807918bf8d98544003d3ee82
asset	leica/90/redmi_red.webp	4154e31345f95faa987ee489d2dc09ab1390f2e58613d0857e420bcd43cedeb8
asset	leica/90/redmi_white.webp	d6f1afcff2428817b1d33a2e11bd6a339647837a72d6ca3106eaea6b18391fd5
asset	leica/90/xiaomi_black.webp	8d1af987d1cf920298275882b6febdb49cb793628505746863a3ab910b787962
asset	leica/90/xiaomi_white.webp	8f5afb906a6af442a3163b62963259e3794d1add787701bf472e62f863cf0ab3
asset	leica/91/config.json	36efa90006827ef7c262b5458b3819f965116fb5727af2dd63fde025640309b6
asset	leica/91/i18n.json	057c2005ad180da8f88c9d5296f233d7f0ac0e8de3b1e6a464d8893911a9a565
asset	leica/91/icon_background_white.webp	f9e8af32d832a0221f5a3aec03cdd4bddf0b7b6cd7ebaaa7f45c2763ccf01440
asset	leica/91/leica.webp	ebae89313eab5799b57995847117a3fb1b511dba507d63494664ece475135278
asset	leica/91/leica_p3.webp	ef2e002943d224c4f0675469c1ee0653bc8d3c89f08a8c6923c76f1ab97bf7d4
asset	leica/91/lg1056_regular.otf	829f8ae9d3adc207dead93e303c12f7de90b05d6dde27989f98e94b27545a5b5
asset	leica/91/meta.json	9814685295855bbad6109332b4f5255edbb5e01bef769deed6e408d7a4c0b527
asset	leica/91/poco_white.webp	496efaf0aca5de0df926c52160c96221d01d31327faa08bb2ceab89e4dc47377
asset	leica/91/redmi_white.webp	3d92a2836dca32a6ec11b40976aa74a86cca8cb4c057d84ffb57ad200afb0979
asset	leica/91/xiaomi_white.webp	015657a853744c60ff141d28e41a58849711f49bdcad6faba5597ac660433c7c
asset	leica/92/config.json	c5dbbc307c151615b3060de602323ee07a2087e435d2260d9fe76083cd9a6d20
asset	leica/92/i18n.json	27c0e49d11c86396b11f07d3dbf7c3671bbf6e1052f5574c595b974a9b175dd8
asset	leica/92/icon_background_black.webp	57a27e00c0beb7e0ebc075e640f185b3aa8a20988ffd859a91c3ac4ae0d3e85d
asset	leica/92/icon_background_dark_blur.webp	c8f32c3c9dac7336707b07578494e1a56bdb00e86f665bb84a53c58681794e00
asset	leica/92/icon_background_light_blur.webp	d062163ca0c0d110bd353c84a1cbf47c09e094b098bf5c92db6d4abaf822e2f5
asset	leica/92/icon_background_white.webp	f9e8af32d832a0221f5a3aec03cdd4bddf0b7b6cd7ebaaa7f45c2763ccf01440
asset	leica/92/leica.webp	ebae89313eab5799b57995847117a3fb1b511dba507d63494664ece475135278
asset	leica/92/leica_p3.webp	ef2e002943d224c4f0675469c1ee0653bc8d3c89f08a8c6923c76f1ab97bf7d4
asset	leica/92/lg1056_regular.otf	829f8ae9d3adc207dead93e303c12f7de90b05d6dde27989f98e94b27545a5b5
asset	leica/92/meta.json	666b11f0f0081cb9b396a362a64ca8c125bb81f2553f50b0c2fffe721daae29c
asset	leica/92/poco_black.webp	9034a6befd90b3e8d010ef14972be56e7d8c607c91b7197e5e111cf5636fc397
asset	leica/92/poco_white.webp	b362e51018aaede58e67d83c48190073f2d67adc274a011e147466f734e27abb
asset	leica/92/redmi_black.webp	8e44d9ae424e0c5550667471757d09f5ca58f96c807918bf8d98544003d3ee82
asset	leica/92/redmi_red.webp	4154e31345f95faa987ee489d2dc09ab1390f2e58613d0857e420bcd43cedeb8
asset	leica/92/redmi_white.webp	d6f1afcff2428817b1d33a2e11bd6a339647837a72d6ca3106eaea6b18391fd5
asset	leica/92/xiaomi_black.webp	8d1af987d1cf920298275882b6febdb49cb793628505746863a3ab910b787962
asset	leica/92/xiaomi_white.webp	8f5afb906a6af442a3163b62963259e3794d1add787701bf472e62f863cf0ab3
asset	leica/93/config.json	cdd0bea9183702152f7e9cc7963c2369e93b614d13fa9754be1bea02607fa107
asset	leica/93/i18n.json	0468c2157e681ccf43d07a5cb6b3d1bb9050effc9446d1b71189c706796bffb8
asset	leica/93/icon_background_white.webp	f9e8af32d832a0221f5a3aec03cdd4bddf0b7b6cd7ebaaa7f45c2763ccf01440
asset	leica/93/leica.webp	36f76666eac89949a7dc6e41f68a93e295189e3f073599fff044d29d733564d8
asset	leica/93/poco_white.webp	496efaf0aca5de0df926c52160c96221d01d31327faa08bb2ceab89e4dc47377
asset	leica/93/redmi_white.webp	3d92a2836dca32a6ec11b40976aa74a86cca8cb4c057d84ffb57ad200afb0979
asset	leica/93/xiaomi_white.webp	015657a853744c60ff141d28e41a58849711f49bdcad6faba5597ac660433c7c
asset	leica/94/config.json	318e20c06f200c89d441de663480e0dc3365cc337d1da35c20be0a8f7da1da5f
asset	leica/94/i18n.json	544dc044dc4040e91c2da9f61a0c4e4b688f504b04fb040d3eb2584d325081f6
asset	leica/94/icon_background_black.webp	57a27e00c0beb7e0ebc075e640f185b3aa8a20988ffd859a91c3ac4ae0d3e85d
asset	leica/94/icon_background_dark_blur.webp	c8f32c3c9dac7336707b07578494e1a56bdb00e86f665bb84a53c58681794e00
asset	leica/94/icon_background_light_blur.webp	d062163ca0c0d110bd353c84a1cbf47c09e094b098bf5c92db6d4abaf822e2f5
asset	leica/94/icon_background_white.webp	f9e8af32d832a0221f5a3aec03cdd4bddf0b7b6cd7ebaaa7f45c2763ccf01440
asset	leica/94/leica_black.webp	9b04ae1374e1a9d9b30cd5b8b963c1a2f48bb57a24e5bb0037b93e90cc29ad8b
asset	leica/94/leica_white.webp	6b1c3fefd628792baaf6e5f22aa1abfa27a76c60be3885fd6586485264abc0ff
asset	leica/94/poco_black.webp	9034a6befd90b3e8d010ef14972be56e7d8c607c91b7197e5e111cf5636fc397
asset	leica/94/poco_white.webp	b362e51018aaede58e67d83c48190073f2d67adc274a011e147466f734e27abb
asset	leica/94/redmi_black.webp	8e44d9ae424e0c5550667471757d09f5ca58f96c807918bf8d98544003d3ee82
asset	leica/94/redmi_red.webp	4154e31345f95faa987ee489d2dc09ab1390f2e58613d0857e420bcd43cedeb8
asset	leica/94/redmi_white.webp	d6f1afcff2428817b1d33a2e11bd6a339647837a72d6ca3106eaea6b18391fd5
asset	leica/94/xiaomi_black.webp	8d1af987d1cf920298275882b6febdb49cb793628505746863a3ab910b787962
asset	leica/94/xiaomi_white.webp	8f5afb906a6af442a3163b62963259e3794d1add787701bf472e62f863cf0ab3
asset	signature/24/config.json	4314bb249b4ab4209cca179189189134dc0da87c21c6849c443496184d5f9ccf
asset	signature/24/i18n.json	acb490eabc37364bb8400d48963695d6dbe0ad0645d4a412622515593d455028
asset	signature/24/icon_background_black.webp	57a27e00c0beb7e0ebc075e640f185b3aa8a20988ffd859a91c3ac4ae0d3e85d
asset	signature/24/icon_background_dark_blur.webp	c8f32c3c9dac7336707b07578494e1a56bdb00e86f665bb84a53c58681794e00
asset	signature/24/icon_background_light_blur.webp	d062163ca0c0d110bd353c84a1cbf47c09e094b098bf5c92db6d4abaf822e2f5
asset	signature/24/icon_background_white.webp	f9e8af32d832a0221f5a3aec03cdd4bddf0b7b6cd7ebaaa7f45c2763ccf01440
asset	signature/24/icon_signature_black.webp	899c3df8ce99a7b262b47bc29da0b374e8c5335fea489acf6b3583a9f648839e
asset	signature/24/icon_signature_white.webp	f8c9020cd660e37535d3670009f83f967d61548a06ba1f4c5c558ff93d5c2acd
asset	signature/24/poco_black.webp	9034a6befd90b3e8d010ef14972be56e7d8c607c91b7197e5e111cf5636fc397
asset	signature/24/poco_white.webp	b362e51018aaede58e67d83c48190073f2d67adc274a011e147466f734e27abb
asset	signature/24/redmi_black.webp	8e44d9ae424e0c5550667471757d09f5ca58f96c807918bf8d98544003d3ee82
asset	signature/24/redmi_red.webp	4154e31345f95faa987ee489d2dc09ab1390f2e58613d0857e420bcd43cedeb8
asset	signature/24/redmi_white.webp	d6f1afcff2428817b1d33a2e11bd6a339647837a72d6ca3106eaea6b18391fd5
asset	signature/24/xiaomi_black.webp	8d1af987d1cf920298275882b6febdb49cb793628505746863a3ab910b787962
asset	signature/24/xiaomi_white.webp	8f5afb906a6af442a3163b62963259e3794d1add787701bf472e62f863cf0ab3
asset	signature/25/config.json	6a904ed38cedddf762a6ee8abb4ecc6cd1eb0909432b78fa20754bb64da0a4cd
asset	signature/25/i18n.json	d500b4176af091f982622c29e1079ce84100c6045a44b0f614e92fd5c5decef5
asset	signature/25/icon_background_black.webp	57a27e00c0beb7e0ebc075e640f185b3aa8a20988ffd859a91c3ac4ae0d3e85d
asset	signature/25/icon_background_dark_blur.webp	c8f32c3c9dac7336707b07578494e1a56bdb00e86f665bb84a53c58681794e00
asset	signature/25/icon_background_light_blur.webp	d062163ca0c0d110bd353c84a1cbf47c09e094b098bf5c92db6d4abaf822e2f5
asset	signature/25/icon_background_white.webp	f9e8af32d832a0221f5a3aec03cdd4bddf0b7b6cd7ebaaa7f45c2763ccf01440
asset	signature/25/icon_signature_black.webp	899c3df8ce99a7b262b47bc29da0b374e8c5335fea489acf6b3583a9f648839e
asset	signature/25/icon_signature_white.webp	a34897fc6da43e8a95a5a126e0379846a791928dc0a8c226228150cd4ac7e4b8
asset	signature/25/poco_white.webp	496efaf0aca5de0df926c52160c96221d01d31327faa08bb2ceab89e4dc47377
asset	signature/25/redmi_white.webp	3d92a2836dca32a6ec11b40976aa74a86cca8cb4c057d84ffb57ad200afb0979
asset	signature/25/xiaomi_white.webp	015657a853744c60ff141d28e41a58849711f49bdcad6faba5597ac660433c7c
asset	signature/26/config.json	2c27d2ebc2d974f9038d441bb96f35a6c60f72936278f690384f1f4d9f0cdad3
asset	signature/26/i18n.json	0321a593608317ba2a1c30bc48ca49872225b45a1ae4e3b0beae9fd73e72c993
asset	signature/26/icon_background_black.webp	57a27e00c0beb7e0ebc075e640f185b3aa8a20988ffd859a91c3ac4ae0d3e85d
asset	signature/26/icon_background_dark_blur.webp	c8f32c3c9dac7336707b07578494e1a56bdb00e86f665bb84a53c58681794e00
asset	signature/26/icon_background_light_blur.webp	d062163ca0c0d110bd353c84a1cbf47c09e094b098bf5c92db6d4abaf822e2f5
asset	signature/26/icon_background_white.webp	f9e8af32d832a0221f5a3aec03cdd4bddf0b7b6cd7ebaaa7f45c2763ccf01440
asset	signature/26/icon_signature_black.webp	899c3df8ce99a7b262b47bc29da0b374e8c5335fea489acf6b3583a9f648839e
asset	signature/26/icon_signature_white.webp	f8c9020cd660e37535d3670009f83f967d61548a06ba1f4c5c558ff93d5c2acd
asset	signature/26/poco_black.webp	9034a6befd90b3e8d010ef14972be56e7d8c607c91b7197e5e111cf5636fc397
asset	signature/26/poco_white.webp	b362e51018aaede58e67d83c48190073f2d67adc274a011e147466f734e27abb
asset	signature/26/redmi_black.webp	8e44d9ae424e0c5550667471757d09f5ca58f96c807918bf8d98544003d3ee82
asset	signature/26/redmi_red.webp	4154e31345f95faa987ee489d2dc09ab1390f2e58613d0857e420bcd43cedeb8
asset	signature/26/redmi_white.webp	d6f1afcff2428817b1d33a2e11bd6a339647837a72d6ca3106eaea6b18391fd5
asset	signature/26/xiaomi_black.webp	8d1af987d1cf920298275882b6febdb49cb793628505746863a3ab910b787962
asset	signature/26/xiaomi_white.webp	8f5afb906a6af442a3163b62963259e3794d1add787701bf472e62f863cf0ab3
asset	signature/config.json	6cac6e1152b424c71a45471b957a00a107edf8d3d93a26f220fbc2c70f73b868
asset	signature/i18n.json	793dcc1789d9ce9305968c860dc06ecc2c43b9cde17311ecb576b1434f765c6e
asset	signature/img_setting_base.webp	48123d322920228180cb6d7140fe3487e2e4c388bb628afd8c6674c5ec87300a
